First Name,Last Name,E-Mail,Contact Number,Street Address,City,Zipcode,State,Country,Profile Picture,Access Level,Job Title,Status,resume,secondary_PhoneNumber,linkedin_profile_url,department_sid
Alexandar,Virch test dasd ad,alexndarvirch@automotohr.net,34567,asdfvgb,sdfg,dfg,Kansas,United States,https://automotohrattachments.s3.amazonaws.com/test_file_01.pdf,Admin,HR Manager,Active Employee,,,,,
Jenne,Ted,Jenneted@automotohr.com,,,,,,,,Employee,Operator,Active Employee,,,,test dep,
Pamila,Jordan,pamilajordan@automotohr.com,,,,,,,,Hiring Manager,Recruiter,Active Employee,,,,test dep,
Mubashar,Ahmed,mubasharaa@automotohr.com,23123132132,Test address,Test City,5433,Yukon,Canada,https://automotohrattachments.s3.amazonaws.com/test_file_01.pdf,Employee,,Active Employee,,,,test dep,
executive,admin,executive@abc.com,,,,,,,,Executive Admin,fsfsf,Active Employee,,,,test dep,
Testing,Testing employee,testemp@abc.com,,,,,,,https://automotohrattachments.s3.amazonaws.com/test_file_01.pdf,Employee,test,Active Employee,,,,test dep,
newtest1ww,newtestlname,test3@abc.com,34232,test address,Testcity,234234,Alberta,Canada,https://automotohrattachments.s3.amazonaws.com/test_file_01.pdf,Hiring Manager,testing,Active Employee,,,,test dep,
newemp,lname,newemp@abc.com,,,,,,,https://automotohrattachments.s3.amazonaws.com/test_file_01.pdf,Employee,testing,Active Employee,,,,,
newgrouptest,lnam,newgrouptest@abc.com,,,,,,,https://automotohrattachments.s3.amazonaws.com/test_file_01.pdf,Employee,testing,Active Employee,,,,,
newg1,testg1,g1@abc.com,,,,,Alberta,Canada,https://automotohrattachments.s3.amazonaws.com/test_file_01.pdf,Manager,ggtt,Active Employee,,,,,
g2g,g2,g2@abc.com,,,,,,,https://automotohrattachments.s3.amazonaws.com/15722-profile_picture--6lp-WPooJo.png,Admin,g2sfd,Active Employee,,,,test dep,
g3s,dfd,g3@abc.com,,,,,,,,Manager,fsd dfd,Active Employee,,,,,
newuser,sdfsdf,sdfs@abc.com,,,,,,,https://automotohrattachments.s3.amazonaws.com/test_file_01.pdf,Admin,fgdfg,Active Employee,,,,,
sdfsdf,sdfsaf,sdfsdf@abc.com,,,,,,,https://automotohrattachments.s3.amazonaws.com/test_file_01.pdf,Admin,sdfs dfsf,Active Employee,,,,,
opsuser,xcvxcv,aa@abc.com,232112424,sdfsdf,sdfsdf,23424,Alberta,Canada,https://automotohrattachments.s3.amazonaws.com/test_file_01.pdf,Admin,xcvxcv,Active Employee,test_file_01.pdf,,,,
new employeemerg,lastname merg,asdf@abc.com,12334454545,terte,fgdfg,,Alberta,Canada,https://automotohrattachments.s3.amazonaws.com/test_file_01.pdf,Employee,test job,Active Employee,test_file_01.pdf,,,,
meremp2,test,meremp2@abc.com,12334454545,terte,fgdfg,54666,British Columbia,Canada,https://automotohrattachments.s3.amazonaws.com/test_file_01.pdf,Employee,testing,Active Employee,test_file_01.pdf,,,,
merg3,lastname,abcmerg3@abc.com,12334454545,terte,fgdfg,54666,British Columbia,Canada,https://automotohrattachments.s3.amazonaws.com/test_file_01.pdf,Employee,test,Active Employee,test_file_01.pdf,,,,
merg4,test,merg4@abc.com,12334454545,terte,fgdfg,54666,British Columbia,Canada,https://automotohrattachments.s3.amazonaws.com/test_file_01.pdf,Employee,test,Active Employee,test_file_01.pdf,,,,
merg7aa,sdfs,ernkfmnn@sbcglobal.net,12334454545,terte,fgdfg,54666,British Columbia,Canada,https://automotohrattachments.s3.amazonaws.com/test_file_01.pdf,Employee,sdfsd,Active Employee,test_file_01.pdf,,,,
New test,test,newtest@gmail.com,,,,,,,https://automotohrattachments.s3.amazonaws.com/test_file_01.pdf,Admin,test jon,Active Employee,,,,,
